Sr. No.,City,No. of seats,Category,State,Winning Candidate,Political Party,Electors,Voters,Turnout,Margin,Margin percentage
1,Adilabad,1,ST,Telangana,Godam Nagesh,Bharatiya Janta Party,"16,50,175","12,35,597",74.90%,"90,652",7.30%
2,Agra,18,SC,Uttar Pradesh [2000 Onwards],Prof S P Singh Baghel,Bharatiya Janta Party,"20,72,685","11,23,779",54.20%,"2,71,294",24.10%
3,Ahmadnagar,37,GEN,Maharashtra,Nilesh Dnyandev Lanke,Nationalist Congress Party – Sharadchandra Pawar,"19,81,866","13,25,477",66.90%,"28,929",2.20%
4,Ahmedabad East,7,GEN,Gujarat,Hasmukhbhai Patel (H.S.PATEL),Bharatiya Janta Party,"20,38,162","11,28,339",55.40%,"4,61,755",40.90%
5,Ahmedabad West,8,SC,Gujarat,Dineshbhai Makwana (ADVOCATE),Bharatiya Janta Party,"17,26,987","9,66,646",56.00%,"2,86,437",29.60%
6,Ajmer,13,GEN,Rajasthan,Bhagirath Choudhary,Bharatiya Janta Party,"19,95,699","12,01,179",60.20%,"3,29,991",27.50%
7,Akbarpur,44,GEN,Uttar Pradesh [2000 Onwards],Devendra Singh Alias Bhole Singh,Bharatiya Janta Party,"18,69,167","10,86,953",58.20%,"44,345",4.10%
8,Akola,6,GEN,Maharashtra,Anup Sanjay Dhotre,Bharatiya Janta Party,"18,90,814","11,73,072",62.00%,"40,626",3.50%
9,Alappuzha,15,GEN,Kerala,K. C Venugopal,Indian National Congress,"14,00,082","10,58,703",75.60%,"63,513",6.00%
10,Alathur,9,SC,Kerala,K.Radhakrishnan,Communist Party Of India (Marxist),"13,37,496","9,92,268",74.20%,"20,111",2.00%
11,Aligarh,15,GEN,Uttar Pradesh [2000 Onwards],Satish Kumar Gautam,Bharatiya Janta Party,"19,97,234","11,33,366",56.70%,"15,647",1.40%
12,Alipurduars,2,ST,West Bengal,Manoj Tigga,Bharatiya Janta Party,"17,73,252","14,21,389",80.20%,"75,447",5.30%
13,Allahabad,52,GEN,Uttar Pradesh [2000 Onwards],Ujjwal Raman Singh,Indian National Congress,"18,25,730","9,47,000",51.90%,"58,795",6.20%
14,Almora,3,SC,Uttarakhand,Ajay Tamta,Bharatiya Janta Party,"13,39,327","6,68,497",49.90%,"2,34,097",35.00%
15,Alwar,8,GEN,Rajasthan,Bhupender Yadav,Bharatiya Janta Party,"20,59,888","12,53,438",60.90%,"48,282",3.90%
16,Amalapuram,7,SC,Andhra Pradesh [2014 Onwards],G M Harish (BALAYOGI),Telugu Desam,"15,31,410","13,01,106",85.00%,"3,42,196",26.30%
17,Ambala,1,SC,Haryana,Varun Chaudhry,Indian National Congress,"19,96,708","13,46,722",67.50%,"49,036",3.60%
18,Ambedkar Nagar,55,GEN,Uttar Pradesh [2000 Onwards],Lalji Verma,Samajwadi Party,"19,11,297","11,77,062",61.60%,"1,37,247",11.70%
19,Amethi,37,GEN,Uttar Pradesh [2000 Onwards],Kishori Lal,Indian National Congress,"17,96,098","9,80,671",54.60%,"1,67,196",17.00%
20,Amravati,7,SC,Maharashtra,Balwant Baswant Wankhade,Indian National Congress,"18,36,078","11,73,579",63.90%,"19,731",1.70%
21,Amreli,14,GEN,Gujarat,Bharatbhai Manubhai Sutariya,Bharatiya Janta Party,"17,32,810","8,76,426",50.60%,"3,21,068",36.60%
22,Amritsar,2,GEN,Punjab,Gurjeet Singh Aujla,Indian National Congress,"16,11,263","9,05,656",56.20%,"40,301",4.40%
23,Amroha,9,GEN,Uttar Pradesh [2000 Onwards],Kanwar Singh Tanwar,Bharatiya Janta Party,"17,16,641","11,10,690",64.70%,"28,670",2.60%
24,Anakapalli,5,,Andhra Pradesh [2014 Onwards],C.M.Ramesh,Bharatiya Janta Party,"15,96,916","13,25,332",83.00%,"2,96,530",22.40%
25,Anand,16,GEN,Gujarat,Mitesh Patel (BAKABHAI),Bharatiya Janta Party,"17,80,182","11,67,969",65.60%,"89,939",7.70%
26,Anandpur Sahib,6,GEN,Punjab,Malvinder Singh Kang,Aam Aadmi Party,"17,32,211","10,77,123",62.20%,"10,846",1.00%
27,Anantapur,19,,Andhra Pradesh [2014 Onwards],Ambica G Lakshminarayana Valmiki,Telugu Desam,"17,67,591","14,40,428",81.50%,"1,88,555",13.10%
28,Anantnag,3,,Jammu & Kashmir,Mian Altaf Ahmad,Jammu & Kashmir National Conference,"18,36,576","10,26,148",55.90%,"2,81,794",27.50%
29,Andaman And Nicobar Islands,1,GEN,Andaman & Nicobar Islands,Bishnu Pada Ray,Bharatiya Janta Party,"3,15,148","2,02,514",64.30%,"24,396",12.00%
30,Aonla,24,GEN,Uttar Pradesh [2000 Onwards],Neeraj Maurya,Samajwadi Party,"18,91,713","10,88,896",57.60%,"15,969",1.50%
31,Arakkonam,7,GEN,Tamil Nadu,S Jagathratchakan,Dravida Munnetra Kazhagam,"15,62,871","11,63,822",74.50%,"3,06,559",26.30%
32,Arambagh,29,SC,West Bengal,Bag Mitali,All India Trinamool Congress,"18,83,266","15,59,079",82.80%,"6,399",0.40%
33,Arani,12,GEN,Tamil Nadu,Tharaniventhan M S,Dravida Munnetra Kazhagam,"14,96,118","11,40,261",76.20%,"2,08,766",18.30%
34,Araria,9,GEN,Bihar [2000 Onwards],Pradeep Kumar Singh,Bharatiya Janta Party,"20,18,767","12,52,560",62.10%,"20,094",1.60%
35,Arrah,32,GEN,Bihar [2000 Onwards],Sudama Prasad,Communist Party Of India (Marxist-Leninist) (Liberation),"21,65,574","10,96,561",50.60%,"59,808",5.50%
36,Aruku,1,ST,Andhra Pradesh [2014 Onwards],Gumma Thanuja Rani,Yuvajana Sramika Rythu Congress Party,"15,54,633","11,64,445",74.90%,"50,580",4.30%
37,Arunachal East,2,GENP,Arunachal Pradesh,Tapir Gao,Bharatiya Janta Party,"3,75,310","3,23,443",86.20%,"30,421",9.40%
38,Arunachal West,1,GENP,Arunachal Pradesh,Kiren Rijiju,Bharatiya Janta Party,"5,17,384","3,99,804",77.30%,"1,00,738",25.20%
39,Asansol,40,GEN,West Bengal,Shatrughan Prasad Sinha,All India Trinamool Congress,"17,70,281","13,01,540",73.50%,"59,564",4.60%
40,Aska,19,GEN,Orissa,Anita Subhadarshini,Bharatiya Janta Party,"16,20,974","10,17,914",62.80%,"99,974",9.80%
41,Attingal,19,GEN,Kerala,Adv Adoor Prakash,Indian National Congress,"13,96,807","9,85,341",70.50%,684,0.10%
42,Aurangabad,19,GEN,Maharashtra,Bhumare Sandipanrao Asaram,Shiv Sena,"20,59,710","13,02,197",63.20%,"1,34,650",10.30%
43,Aurangabad,37,GEN,Bihar [2000 Onwards],Abhay Kumar Sinha,Rashtriya Janata Dal,"18,71,564","9,45,880",50.50%,"79,111",8.40%
44,Azamgarh,69,GEN,Uttar Pradesh [2000 Onwards],Dharmendra Yadav,Samajwadi Party,"18,68,165","10,54,520",56.50%,"1,61,035",15.30%
45,Badaun,23,GEN,Uttar Pradesh [2000 Onwards],Aditya Yadav,Samajwadi Party,"20,08,758","10,91,764",54.40%,"34,991",3.20%
46,Bagalkot,3,GEN,Karnataka,Gaddigoudar. Parvatagouda. Chandanagouda.,Bharatiya Janta Party,"18,06,183","13,17,561",73.00%,"68,399",5.20%
47,Baghpat,11,GEN,Uttar Pradesh [2000 Onwards],Dr Rajkumar Sangwan,Rashtriya Lok Dal,"16,53,146","9,33,773",56.50%,"1,59,459",17.10%
48,Baharaich,56,SC,Uttar Pradesh [2000 Onwards],Anand Kumar,Bharatiya Janta Party,"18,38,684","10,56,566",57.50%,"64,227",6.10%
49,Baharampur,10,GEN,West Bengal,Pathan Yusuf,All India Trinamool Congress,"17,83,078","13,84,770",77.70%,"85,022",6.10%
50,Balaghat,15,GEN,Madhya Pradesh [2000 Onwards],Bharti Pardhi,Bharatiya Janta Party,"18,73,653","13,82,280",73.80%,"1,74,512",12.60%
51,Balasore,6,GEN,Orissa,Pratap Chandra Sarangi,Bharatiya Janta Party,"16,08,014","12,39,635",77.10%,"1,47,156",11.90%
52,Ballia,72,GEN,Uttar Pradesh [2000 Onwards],Sanatan Pandey,Samajwadi Party,"19,23,645","10,07,322",52.40%,"43,384",4.30%
53,Balurghat,6,GEN,West Bengal,Sukanta Majumdar,Bharatiya Janta Party,"15,61,966","12,37,308",79.20%,"10,386",0.80%
54,Banaskantha,2,GEN,Gujarat,Geniben Nagaji Thakor,Indian National Congress,"19,61,924","13,75,903",70.10%,"30,406",2.20%
55,Banda,48,GEN,Uttar Pradesh [2000 Onwards],Krishna Devi Shivshanker Patel,Samajwadi Party,"17,47,425","10,44,132",59.80%,"71,210",6.80%
56,Bangalore Cent,25,GEN,Karnataka,P C Mohan,Bharatiya Janta Party,"24,33,751","13,16,510",54.10%,"32,707",2.50%
57,Bangalore Nort,24,GEN,Karnataka,Shobha Karandlaje,Bharatiya Janta Party,"32,14,496","17,52,504",54.50%,"2,59,476",14.80%
58,Bangalore Rura,23,GEN,Karnataka,Dr C N Manjunath,Bharatiya Janta Party,"28,02,580","19,19,540",68.50%,"2,69,647",14.00%
59,Bangalore Sout,26,GEN,Karnataka,Tejasvi Surya,Bharatiya Janta Party,"23,41,759","12,49,342",53.40%,"2,77,083",22.20%
60,Bangaon,14,SC,West Bengal,Shantanu Thakur,Bharatiya Janta Party,"18,36,374","14,93,108",81.30%,"73,693",4.90%
61,Banka,27,GEN,Bihar [2000 Onwards],Giridhari Yadav,Janata Dal (United),"18,56,566","10,14,155",54.60%,"1,03,844",10.20%
62,Bankura,36,GEN,West Bengal,Arup Chakraborty,All India Trinamool Congress,"17,80,580","14,47,674",81.30%,"32,778",2.30%
63,Bansgaon,67,SC,Uttar Pradesh [2000 Onwards],Kamlesh Paswan,Bharatiya Janta Party,"18,20,854","9,44,763",51.90%,"3,150",0.30%
64,Banswara,20,ST,Rajasthan,Raj Kumar Roat,Bharat Adivasi Party,"22,00,438","16,36,852",74.40%,"2,47,054",15.10%
65,Bapatla,15,SC,Andhra Pradesh [2014 Onwards],Krishna Prasad Tenneti,Telugu Desam,"15,06,354","13,00,745",86.40%,"2,08,031",16.00%
66,Barabanki,53,SC,Uttar Pradesh [2000 Onwards],Tanuj Punia,Indian National Congress,"19,18,491","12,90,634",67.30%,"2,15,704",16.70%
67,Baramati,35,GEN,Maharashtra,Supriya Sule,Nationalist Congress Party – Sharadchandra Pawar,"23,72,668","14,12,349",59.50%,"1,58,333",11.20%
68,Baramulla,1,,Jammu & Kashmir,Abdul Rashid Sheikh,Independent,"17,37,865","10,33,900",59.50%,"2,04,142",19.70%
69,Barasat,17,GEN,West Bengal,Kakoli Ghosh Dastidar,All India Trinamool Congress,"19,05,400","15,32,601",80.40%,"1,14,189",7.50%
70,Bardhaman Purb,38,SC,West Bengal,Dr. Sharmila Sarkar,All India Trinamool Congress,"18,01,333","14,97,310",83.10%,"1,60,572",10.70%
71,Bardoli,23,ST,Gujarat,Parbhubhai Nagarbhai Vasava,Bharatiya Janta Party,"20,48,408","13,39,333",65.40%,"2,30,253",17.20%
72,Bareilly,25,GEN,Uttar Pradesh [2000 Onwards],Chhatra Pal Singh Gangwar,Bharatiya Janta Party,"19,24,434","11,19,558",58.20%,"34,804",3.10%
73,Bargarh,1,GEN,Orissa,Pradeep Purohit,Bharatiya Janta Party,"16,31,974","13,09,864",80.30%,"2,51,667",19.20%
74,Barmer,17,GEN,Rajasthan,Ummeda Ram Beniwal,Indian National Congress,"22,06,237","16,88,051",76.50%,"1,18,176",7.00%
75,Barpeta,3,GEN,Assam,Phani Bhusan Choudhury,Asom Gana Parishad,"19,66,847","16,85,943",85.70%,"2,22,351",13.20%
76,Barrackpore,15,GEN,West Bengal,Partha Bhowmick,All India Trinamool Congress,"15,08,728","11,41,860",75.70%,"64,438",5.60%
77,Basirhat,18,GEN,West Bengal,Sk Nurul Islam,All India Trinamool Congress,"18,04,261","15,23,401",84.40%,"3,33,547",21.90%
78,Bastar,10,ST,Chhattisgarh,Mahesh Kashyap,Bharatiya Janta Party,"14,72,207","10,07,395",68.40%,"55,245",5.50%
79,Basti,61,GEN,Uttar Pradesh [2000 Onwards],Ram Prasad Chaudhary,Samajwadi Party,"19,02,898","10,82,870",56.90%,"1,00,994",9.30%
80,Bathinda,11,GEN,Punjab,Harsimrat Kaur Badal,Shiromani Akali Dal,"16,51,188","11,51,170",69.70%,"49,656",4.30%
81,Beed,39,GEN,Maharashtra,Bajrang Manohar Sonwane,Nationalist Congress Party – Sharadchandra Pawar,"21,42,547","15,22,295",71.10%,"6,553",0.40%
82,Begusarai,24,GEN,Bihar [2000 Onwards],Giriraj Singh,Bharatiya Janta Party,"21,96,089","12,94,673",59.00%,"81,480",6.30%
83,Belgaum,2,GEN,Karnataka,Jagadish Shettar,Bharatiya Janta Party,"19,23,788","13,83,889",71.90%,"1,78,437",12.90%
84,Bellary,9,ST,Karnataka,E. Tukaram,Indian National Congress,"18,84,040","13,89,914",73.80%,"98,992",7.10%
85,Berhampur,20,GEN,Orissa,Dr. Pradeep Kumar Panigrahy,Bharatiya Janta Party,"15,91,380","10,42,923",65.50%,"1,65,476",15.90%
86,Betul,29,ST,Madhya Pradesh [2000 Onwards],Durgadas (D. D.) UIKEY,Bharatiya Janta Party,"18,95,331","13,96,020",73.70%,"3,79,761",27.20%
87,Bhadohi,78,GEN,Uttar Pradesh [2000 Onwards],Dr. Vinod Kumar Bind,Bharatiya Janta Party,"20,37,925","10,84,993",53.20%,"44,072",4.10%
88,Bhadrak,7,SC,Orissa,Avimanyu Sethi,Bharatiya Janta Party,"17,70,915","12,97,377",73.30%,"91,544",7.10%
89,Bhagalpur,26,GEN,Bihar [2000 Onwards],Ajay Kumar Mandal,Janata Dal (United),"19,83,031","10,64,081",53.70%,"1,04,868",9.90%
90,Bhandara - Gon,11,GEN,Maharashtra,Dr. Prashant Yadaorao Padole,Indian National Congress,"18,27,188","12,35,073",67.60%,"37,380",3.00%
91,Bharatpur,9,SC,Rajasthan,Sanjna Jatav,Indian National Congress,"21,14,916","11,33,000",53.60%,"51,983",4.60%
92,Bharuch,22,GEN,Gujarat,Mansukhbhai Dhanjibhai Vasava,Bharatiya Janta Party,"17,23,353","11,98,964",69.60%,"85,696",7.10%
93,Bhavnagar,15,GEN,Gujarat,Nimuben Jayantibhai Bambhaniya (NIMUBEN BAMBHANIYA),Bharatiya Janta Party,"19,16,900","10,47,232",54.60%,"4,55,289",43.50%
94,Bhilwara,23,GEN,Rajasthan,Damodar Agarwal,Bharatiya Janta Party,"21,47,159","13,04,395",60.80%,"3,54,606",27.20%
95,Bhind,2,SC,Madhya Pradesh [2000 Onwards],Sandhya Ray,Bharatiya Janta Party,"19,00,654","10,49,007",55.20%,"64,840",6.20%
96,Bhiwandi,23,GEN,Maharashtra,Balya Mama - Suresh Gopinath Mhatre,Nationalist Congress Party – Sharadchandra Pawar,"20,87,244","12,53,399",60.10%,"66,121",5.30%
97,Bhiwani-Mahend,8,GEN,Haryana,Dharambir Singh,Bharatiya Janta Party,"17,93,029","11,83,395",66.00%,"41,510",3.50%
98,Bhongir,14,GEN,Telangana,Chamala Kiran Kumar Reddy,Indian National Congress,"18,08,585","14,01,396",77.50%,"2,22,170",15.90%
99,Bhopal,19,GEN,Madhya Pradesh [2000 Onwards],Alok Sharma,Bharatiya Janta Party,"23,39,411","14,98,285",64.10%,"5,01,499",33.50%
100,Bhubaneswar,18,GEN,Orissa,Aparajita Sarangi,Bharatiya Janta Party,"16,72,774","10,82,215",64.70%,"35,152",3.20%
101,Bidar,7,GEN,Karnataka,Sagar Eshwar Khandre,Indian National Congress,"18,92,962","12,42,322",65.60%,"1,28,875",10.40%
102,Bijapur,4,SC,Karnataka,Ramesh Jigajinagi,Bharatiya Janta Party,"19,46,090","12,96,114",66.60%,"77,229",6.00%
103,Bijnor,4,GEN,Uttar Pradesh [2000 Onwards],Chandan Chauhan,Rashtriya Lok Dal,"17,38,307","10,24,432",58.90%,"37,508",3.70%
104,Bikaner,2,SC,Rajasthan,Arjun Ram Meghwal,Bharatiya Janta Party,"20,48,399","11,18,282",54.60%,"55,711",5.00%
105,Bilaspur,5,GEN,Chhattisgarh,Tokhan Sahu,Bharatiya Janta Party,"21,02,687","13,61,350",64.70%,"1,64,558",12.10%
106,Birbhum,42,GEN,West Bengal,Satabdi Roy,All India Trinamool Congress,"18,57,022","15,27,432",82.30%,"1,97,650",12.90%
107,Bishnupur,37,SC,West Bengal,Khan Saumitra,Bharatiya Janta Party,"17,54,268","15,13,872",86.30%,"5,567",0.40%
108,Bolangir,10,GEN,Orissa,Sangeeta Kumari Singh Deo,Bharatiya Janta Party,"18,01,744","14,00,248",77.70%,"1,32,664",9.50%
109,Bolpur,41,SC,West Bengal,Asit Kumar Mal,All India Trinamool Congress,"18,39,234","15,28,470",83.10%,"3,27,253",21.40%
110,Bulandshahr,14,SC,Uttar Pradesh [2000 Onwards],Dr Bhola Singh,Bharatiya Janta Party,"18,59,462","10,54,399",56.70%,"2,75,134",26.10%
111,Buldhana,5,GEN,Maharashtra,Jadhav Prataprao Ganpatrao,Shiv Sena,"17,82,700","11,09,496",62.20%,"29,479",2.70%
112,Burdwan - Durg,39,GEN,West Bengal,Azad Kirti Jha,All India Trinamool Congress,"18,51,780","15,01,773",81.10%,"1,37,981",9.20%
113,Buxar,33,GEN,Bihar [2000 Onwards],Sudhakar Singh,Rashtriya Janata Dal,"19,23,164","10,73,759",55.80%,"30,091",2.80%
114,Chalakudy,11,GEN,Kerala,Benny Behanan,Indian National Congress,"13,10,529","9,51,287",72.60%,"63,754",6.70%
115,Chamarajanagar,22,SC,Karnataka,Sunil Bose,Indian National Congress,"17,78,310","13,69,797",77.00%,"1,88,706",13.80%
116,Chandauli,76,GEN,Uttar Pradesh [2000 Onwards],Birendra Singh,Samajwadi Party,"18,43,196","11,16,499",60.60%,"21,565",1.90%
117,Chandigarh,1,GEN,Chandigarh,Manish Tewari,Indian National Congress,"6,59,805","4,49,275",68.10%,"2,504",0.60%
118,Chandni Chowk,1,GEN,Delhi [1977 Onwards],Praveen Khandelwal,Bharatiya Janta Party,"16,45,958","9,66,102",58.70%,"89,325",9.20%
119,Chandrapur,13,GEN,Maharashtra,Dhanorkar Pratibha Suresh Alias Balubhau,Indian National Congress,"18,37,906","12,41,304",67.50%,"2,60,406",21.00%
120,Chatra,4,GEN,Jharkhand,Kali Charan Singh,Bharatiya Janta Party,"16,89,926","10,86,374",64.30%,"2,20,959",20.30%
121,Chelvella,10,GEN,Telangana,Konda Vishweshwar Reddy,Bharatiya Janta Party,"29,38,370","16,75,354",57.00%,"1,72,897",10.30%
122,Chennai Centra,4,GEN,Tamil Nadu,Dayanidhi Maran,Dravida Munnetra Kazhagam,"13,50,161","7,30,549",54.10%,"2,44,689",33.50%
123,Chennai North,2,GEN,Tamil Nadu,Dr.Kalanidhi Veeraswamy,Dravida Munnetra Kazhagam,"14,96,224","9,02,489",60.30%,"3,39,222",37.60%
124,Chennai South,3,GEN,Tamil Nadu,T.Sumathy (ALIAS) THAMIZHACHI THANGAPANDIAN,Dravida Munnetra Kazhagam,"20,23,133","10,99,321",54.30%,"2,25,945",20.60%
125,Chhindwara,16,GEN,Madhya Pradesh [2000 Onwards],Bunty Vivek Sahu,Bharatiya Janta Party,"16,32,190","13,04,827",79.90%,"1,13,618",8.70%
126,Chhota Udaipur,21,ST,Gujarat,Jashubhai Bhilubhai Rathva,Bharatiya Janta Party,"18,21,708","12,67,719",69.60%,"3,98,777",31.50%
127,Chidambaram,27,SC,Tamil Nadu,Thirumaavalavan Thol,Viduthalai Chiruthaigal Katchi,"15,19,847","11,67,071",76.80%,"1,03,554",8.90%
128,Chikkballapur,27,GEN,Karnataka,Dr.K.Sudhakar,Bharatiya Janta Party,"19,81,347","15,30,820",77.30%,"1,63,460",10.70%
129,Chikkodi,1,GEN,Karnataka,Priyanka Satish Jarkiholi,Indian National Congress,"17,61,694","13,93,093",79.10%,"90,834",6.50%
130,Chitradurga,18,SC,Karnataka,Govind Makthappa Karjol,Bharatiya Janta Party,"18,56,876","13,66,909",73.60%,"48,121",3.50%
131,Chittoor,25,SC,Andhra Pradesh [2014 Onwards],Daggumalla Prasada Rao,Telugu Desam,"16,40,202","14,18,857",86.50%,"2,20,479",15.50%
132,Chittorgarh,21,GEN,Rajasthan,Chandra Prakash Joshi,Bharatiya Janta Party,"21,70,167","14,98,733",69.10%,"3,89,877",26.00%
133,Churu,3,GEN,Rajasthan,Rahul Kaswan,Indian National Congress,"22,13,187","14,24,645",64.40%,"72,737",5.10%
134,Coimbatore,20,GEN,Tamil Nadu,Ganapathy Rajkumar P,Dravida Munnetra Kazhagam,"21,06,124","13,72,833",65.20%,"1,18,068",8.60%
135,Cooch Behar,1,SC,West Bengal,Jagadish Chandra Barma Basunia,All India Trinamool Congress,"19,66,893","16,23,048",82.50%,"39,250",2.40%
136,Cuddalore,26,GEN,Tamil Nadu,M.K. Vishnuprasad,Indian National Congress,"14,12,746","10,31,563",73.00%,"1,85,896",18.00%
137,Cuttack,14,GEN,Orissa,Bhartruhari Mahtab,Bharatiya Janta Party,"15,71,622","11,20,795",71.30%,"57,077",5.10%
138,Dadra And Nagar Haveli,1,GEN,Dadra & Nagar Haveli,Delkar Kalaben Mohanbhai,Bharatiya Janta Party,"2,83,024","2,05,588",72.60%,"57,584",28.00%
139,Dahod,19,ST,Gujarat,Jaswantsinh Sumanbhai Bhabhor,Bharatiya Janta Party,"18,75,136","11,18,294",59.60%,"3,33,677",29.80%
140,Dakshina Kanna,17,GEN,Karnataka,Captain Brijesh Chowta,Bharatiya Janta Party,"18,17,603","14,15,770",77.90%,"1,49,208",10.50%
141,Daman And Diu,1,GEN,Daman & Diu,Patel Umeshbhai Babubhai,Independent,"1,34,189","92,410",68.90%,"6,225",6.70%
142,Damoh,7,GEN,Madhya Pradesh [2000 Onwards],Rahul Singh Lodhi,Bharatiya Janta Party,"19,25,314","10,88,944",56.60%,"4,06,426",37.30%
143,Darbhanga,14,GEN,Bihar [2000 Onwards],Gopal Jee Thakur,Bharatiya Janta Party,"17,81,356","10,24,184",57.50%,"1,78,156",17.40%
144,Darjeeling,4,GEN,West Bengal,Raju Bista,Bharatiya Janta Party,"17,65,744","13,27,412",75.20%,"1,78,525",13.40%
145,Darrang-Udalguri,4,GEN,Assam,Dilip Saikia,Bharatiya Janta Party,"22,09,314","18,11,200",82.00%,"3,29,012",18.20%
146,Dausa,11,ST,Rajasthan,Murari Lal Meena,Indian National Congress,"18,99,304","10,72,734",56.50%,"2,37,340",22.10%
147,Davanagere,13,GEN,Karnataka,Dr. Prabha Mallikarjun,Indian National Congress,"17,09,244","13,20,368",77.30%,"26,094",2.00%
148,Deoria,66,GEN,Uttar Pradesh [2000 Onwards],Shashank Mani,Bharatiya Janta Party,"18,73,821","10,43,308",55.70%,"34,842",3.30%
149,Dewas,21,SC,Madhya Pradesh [2000 Onwards],Mahendra Singh Solanky,Bharatiya Janta Party,"19,40,472","14,69,104",75.70%,"4,25,225",28.90%
150,Dhanbad,7,GEN,Jharkhand,Dulu Mahato,Bharatiya Janta Party,"22,85,237","14,28,007",62.50%,"3,31,583",23.20%
151,Dhar,25,ST,Madhya Pradesh [2000 Onwards],Savitri Thakur,Bharatiya Janta Party,"19,53,834","14,25,044",72.90%,"2,18,665",15.30%
152,Dharmapuri,10,GEN,Tamil Nadu,Mani. A.,Dravida Munnetra Kazhagam,"15,24,896","12,47,832",81.80%,"21,300",1.70%
153,Dharwad,11,GEN,Karnataka,Pralhad Joshi,Bharatiya Janta Party,"18,31,975","13,66,491",74.60%,"97,324",7.10%
154,Dhaurahra,29,GEN,Uttar Pradesh [2000 Onwards],Anand Bhadauriya,Samajwadi Party,"17,19,345","11,11,847",64.70%,"4,449",0.40%
155,Dhenkanal,9,GEN,Orissa,Rudra Narayan Pany,Bharatiya Janta Party,"15,29,785","11,91,673",77.90%,"76,567",6.40%
156,Dhubri,2,GEN,Assam,Rakibul Hussain,Indian National Congress,"26,60,827","24,53,608",92.20%,"10,12,476",41.30%
157,Dhule,2,GEN,Maharashtra,Bachhav Shobha Dinesh,Indian National Congress,"20,22,061","12,19,295",60.30%,"3,831",0.30%
158,Diamond Harbou,21,GEN,West Bengal,Abhishek Banerjee,All India Trinamool Congress,"18,80,779","15,30,817",81.40%,"7,10,930",46.40%
159,Dibrugarh,13,GEN,Assam,Sarbananda Sonowal,Bharatiya Janta Party,"16,59,588","12,78,322",77.00%,"2,79,321",21.90%
160,Dindigul,22,GEN,Tamil Nadu,Sachithanantham R,Communist Party Of India (Marxist),"16,07,051","11,49,621",71.50%,"4,43,821",38.60%
161,Dindori,20,ST,Maharashtra,Bhaskar Murlidhar Bhagare,Nationalist Congress Party – Sharadchandra Pawar,"18,53,387","12,40,910",67.00%,"1,13,199",9.10%
162,Diphu,6,ST,Assam,Amarsing Tisso,Bharatiya Janta Party,"9,01,032","6,82,827",75.80%,"1,47,603",21.60%
163,Domariyaganj,60,GEN,Uttar Pradesh [2000 Onwards],Jagdambika Pal,Bharatiya Janta Party,"19,61,845","10,18,965",51.90%,"42,728",4.20%
164,Dum Dum,16,GEN,West Bengal,Sougata Ray,All India Trinamool Congress,"16,99,656","12,60,046",74.10%,"70,660",5.60%
165,Dumka,2,ST,Jharkhand,Nalin Soren,Jharkhand Mukti Morcha,"15,91,061","11,84,132",74.40%,"22,527",1.90%
166,Durg,7,GEN,Chhattisgarh,Vijay Baghel,Bharatiya Janta Party,"20,90,414","15,42,787",73.80%,"4,38,226",28.40%
167,East Delhi,3,GEN,Delhi [1977 Onwards],Harsh Malhotra,Bharatiya Janta Party,"21,20,584","12,64,049",59.60%,"93,663",7.40%
168,Eluru,10,,Andhra Pradesh [2014 Onwards],Putta Mahesh Kumar,Telugu Desam,"16,37,430","13,82,049",84.40%,"1,81,857",13.20%
169,Ernakulam,12,GEN,Kerala,Hibi Eden,Indian National Congress,"13,24,047","9,10,502",68.80%,"2,50,385",27.50%
170,Erode,17,GEN,Tamil Nadu,K E Prakash,Dravida Munnetra Kazhagam,"15,38,778","10,93,423",71.10%,"2,36,566",21.60%
171,Etah,22,GEN,Uttar Pradesh [2000 Onwards],Devesh Shakya,Samajwadi Party,"17,00,524","10,10,381",59.40%,"28,052",2.80%
172,Etawah,41,SC,Uttar Pradesh [2000 Onwards],Jitendra Kumar Dohare,Samajwadi Party,"18,28,498","10,33,784",56.50%,"58,419",5.70%
173,Faizabad,54,GEN,Uttar Pradesh [2000 Onwards],Awadhesh Prasad,Samajwadi Party,"19,27,459","11,40,661",59.20%,"54,567",4.80%
174,Faridabad,10,GEN,Haryana,Krishan Pal,Bharatiya Janta Party,"24,30,212","14,71,322",60.50%,"1,72,914",11.80%
175,Faridkot,9,SC,Punjab,Sarabjeet Singh Khalsa,Independent,"15,94,033","10,14,455",63.60%,"70,053",6.90%
176,Farrukhabad,40,GEN,Uttar Pradesh [2000 Onwards],Mukesh Rajput,Bharatiya Janta Party,"17,47,182","10,33,794",59.20%,"2,678",0.30%
177,Fatehgarh Sahi,8,SC,Punjab,Amar Singh,Indian National Congress,"15,52,567","9,74,256",62.80%,"34,202",3.50%
178,Fatehpur,49,GEN,Uttar Pradesh [2000 Onwards],Naresh Chandra Uttam Patel,Samajwadi Party,"19,38,563","11,06,944",57.10%,"33,199",3.00%
179,Fatehpur Sikri,19,GEN,Uttar Pradesh [2000 Onwards],Rajkumar Chahar,Bharatiya Janta Party,"17,98,823","10,34,155",57.50%,"43,405",4.20%
180,Ferozpur,10,GEN,Punjab,Sher Singh Ghubaya,Indian National Congress,"16,70,008","11,25,115",67.40%,"3,242",0.30%
181,Firozabad,20,GEN,Uttar Pradesh [2000 Onwards],Akshaya Yadav,Samajwadi Party,"18,90,772","11,07,296",58.60%,"89,312",8.10%
182,Gadchiroli-Chi,12,ST,Maharashtra,Dr. Kirsan Namdeo,Indian National Congress,"16,17,207","11,66,360",72.10%,"1,41,696",12.10%
183,Gandhinagar,6,GEN,Gujarat,Amit Shah,Bharatiya Janta Party,"21,82,736","13,21,802",60.60%,"7,44,716",56.30%
184,Ganganagar,1,SC,Rajasthan,Kuldeep Indora,Indian National Congress,"21,02,002","14,13,494",67.30%,"88,153",6.20%
185,Garhwal,2,GEN,Uttarakhand,Anil Baluni,Bharatiya Janta Party,"13,69,388","7,37,431",53.90%,"1,63,503",22.20%
186,Gautam Buddha Nagar,13,GEN,Uttar Pradesh [2000 Onwards],Dr. Mahesh Sharma,Bharatiya Janta Party,"26,75,148","14,37,244",53.70%,"5,59,472",38.90%
187,Gaya,38,SC,Bihar [2000 Onwards],Jitan Ram Manjhi,Hindustani Awam Morcha (Secular),"18,16,815","9,63,676",53.00%,"1,01,812",10.60%
188,Ghatal,32,GEN,West Bengal,Adhikari Deepak (DEV),All India Trinamool Congress,"19,39,945","16,00,556",82.50%,"1,82,868",11.40%
189,Ghaziabad,12,GEN,Uttar Pradesh [2000 Onwards],Atul Garg,Bharatiya Janta Party,"29,45,487","14,70,430",49.90%,"3,36,965",22.90%
190,Ghazipur,75,GEN,Uttar Pradesh [2000 Onwards],Afzal Ansari,Samajwadi Party,"20,74,883","11,53,094",55.60%,"1,24,861",10.80%
191,Ghosi,70,GEN,Uttar Pradesh [2000 Onwards],Rajeev Rai,Samajwadi Party,"20,83,928","11,50,590",55.20%,"1,62,943",14.20%
192,Giridih,6,GEN,Jharkhand,Chandra Prakash Choudhary,Ajsu Party,"18,64,660","12,64,833",67.80%,"80,880",6.40%
193,Godda,3,GEN,Jharkhand,Nishikant Dubey,Bharatiya Janta Party,"20,28,154","13,98,204",68.90%,"1,01,813",7.30%
194,Gonda,59,GEN,Uttar Pradesh [2000 Onwards],Kirtivardhan Singh,Bharatiya Janta Party,"18,43,121","9,52,884",51.70%,"46,224",4.90%
195,Gopalganj,17,SC,Bihar [2000 Onwards],Dr. Alok Kumar Suman,Janata Dal (United),"20,24,673","10,63,027",52.50%,"1,27,180",12.00%
196,Gorakhpur,64,GEN,Uttar Pradesh [2000 Onwards],Ravindra Shukla Alias Ravi Kishan,Bharatiya Janta Party,"20,97,202","11,54,413",55.10%,"1,03,526",9.00%
197,Gulbarga,5,SC,Karnataka,Radhakrishna,Indian National Congress,"20,98,202","13,10,477",62.50%,"27,205",2.10%
198,Guna,4,GEN,Madhya Pradesh [2000 Onwards],Jyotiraditya M. Scindia,Bharatiya Janta Party,"18,89,551","13,73,766",72.70%,"5,40,929",39.40%
199,Guntur,13,,Andhra Pradesh [2014 Onwards],Dr Chandra Sekhar Pemmasani,Telugu Desam,"17,91,543","14,25,371",79.60%,"3,44,695",24.20%
200,Gurdaspur,1,GEN,Punjab,Sukhjinder Singh Randhawa,Indian National Congress,"16,05,204","10,77,826",67.20%,"82,861",7.70%
201,Gurgaon,9,GEN,Haryana,Rao Inderjit Singh,Bharatiya Janta Party,"25,73,411","16,01,232",62.20%,"75,079",4.70%
202,Guwahati,5,GEN,Assam,Bijuli Kalita Medhi,Bharatiya Janta Party,"20,36,846","15,99,389",78.50%,"2,51,090",15.70%
203,Gwalior,3,GEN,Madhya Pradesh [2000 Onwards],Bharat Singh Kushwah,Bharatiya Janta Party,"21,54,601","13,43,229",62.30%,"70,210",5.20%
204,Hajipur,21,SC,Bihar [2000 Onwards],Chirag Paswan,Lok Janshakti Party(Ram Vilas),"19,67,094","11,55,324",58.70%,"1,70,105",14.70%
205,Hamirpur,47,GEN,Uttar Pradesh [2000 Onwards],Ajendra Singh Lodhi,Samajwadi Party,"18,39,761","11,15,299",60.60%,"2,629",0.20%
206,Hamirpur,3,GEN,Himachal Pradesh,Anurag Singh Thakur,Bharatiya Janta Party,"14,32,636","10,47,263",73.10%,"1,82,357",17.40%
207,Hardoi,31,SC,Uttar Pradesh [2000 Onwards],Jai Prakash,Bharatiya Janta Party,"19,10,485","11,00,116",57.60%,"27,856",2.50%
208,Hardwar,5,GEN,Uttarakhand,Trivendra Singh Rawat,Bharatiya Janta Party,"20,35,726","13,02,623",64.00%,"1,64,056",12.60%
209,Hassan,16,GEN,Karnataka,Shreyas. M. Patel,Indian National Congress,"17,36,610","13,55,007",78.00%,"42,649",3.10%
210,Hathras,16,SC,Uttar Pradesh [2000 Onwards],Anoop Pradhan Balmiki,Bharatiya Janta Party,"19,38,080","10,82,720",55.90%,"2,47,318",22.80%
211,Hatkanangle,48,GEN,Maharashtra,Dhairyasheel Sambhajirao Mane,Shiv Sena,"18,14,277","12,96,024",71.40%,"13,426",1.00%
212,Haveri,10,GEN,Karnataka,Basavaraj Bommai,Bharatiya Janta Party,"17,92,774","13,95,812",77.90%,"43,513",3.10%
213,Hazaribagh,14,GEN,Jharkhand,Manish Jaiswal,Bharatiya Janta Party,"19,39,374","12,64,667",65.20%,"2,76,686",21.90%
214,Hindupur,20,,Andhra Pradesh [2014 Onwards],B K Parthasarathi,Telugu Desam,"16,56,775","14,16,339",85.50%,"1,32,427",9.30%
215,Hingoli,15,GEN,Maharashtra,Aashtikar Patil Nagesh Bapurao,Shiv Sena (Uddhav Balasaheb Thackrey),"18,17,734","11,59,300",63.80%,"1,08,602",9.40%
216,Hisar,4,GEN,Haryana,Jai Parkash (J P) S/O HARIKESH,Indian National Congress,"17,90,722","11,74,115",65.60%,"63,381",5.40%
217,Hooghly,28,GEN,West Bengal,Rachna Banerjee,All India Trinamool Congress,"18,58,067","15,17,511",81.70%,"76,853",5.10%
218,Hoshangabad,17,GEN,Madhya Pradesh [2000 Onwards],Darshan Singh Choudhary,Bharatiya Janta Party,"18,55,692","12,49,692",67.30%,"4,31,696",34.50%
219,Hoshiarpur,5,SC,Punjab,Dr. Raj Kumar Chabbewal,Aam Aadmi Party,"16,01,826","9,48,485",59.20%,"44,111",4.70%
220,Howrah,25,GEN,West Bengal,Prasun Banerjee,All India Trinamool Congress,"17,69,184","12,71,796",71.90%,"1,69,442",13.30%
221,Hyderabad,9,GEN,Telangana,Asaduddin Owaisi,All India Majlis-E-Ittehadul Muslimeen,"22,17,094","10,80,324",48.70%,"3,38,087",31.30%
222,Idukki,13,GEN,Kerala,Adv. Dean Kuriakose,Indian National Congress,"12,50,157","8,40,657",67.20%,"1,33,727",15.90%
223,Indore,26,GEN,Madhya Pradesh [2000 Onwards],Shankar Lalwani,Bharatiya Janta Party,"25,26,803","15,61,968",61.80%,"11,75,092",75.20%
224,Inner Manipur,1,GEN,Manipur,Angomcha Bimol Akoijam,Indian National Congress,"9,91,574","7,96,897",80.40%,"1,09,801",13.80%
225,Jabalpur,13,GEN,Madhya Pradesh [2000 Onwards],Ashish Dubey,Bharatiya Janta Party,"18,96,346","11,58,545",61.00%,"4,86,674",42.00%
226,Jadavpur,22,GEN,West Bengal,Sayani Ghosh,All India Trinamool Congress,"20,33,525","15,66,509",77.00%,"2,58,201",16.50%
227,Jagatsinghpur,16,SC,Orissa,Bibhu Prasad Tarai,Bharatiya Janta Party,"17,00,814","12,86,287",75.60%,"40,696",3.20%
228,Jahanabad,36,GEN,Bihar [2000 Onwards],Surendra Prasad Yadav,Rashtriya Janata Dal,"16,70,327","9,25,370",55.10%,"1,42,591",15.40%
229,Jaipur,7,GEN,Rajasthan,Manju Sharma,Bharatiya Janta Party,"22,87,350","14,63,258",64.00%,"3,31,767",22.70%
230,Jaipur Rural,6,GEN,Rajasthan,Rao Rajendra Singh,Bharatiya Janta Party,"21,84,978","12,62,054",57.80%,"1,615",0.10%
231,Jajpur,8,SC,Orissa,Rabindra Narayan Behera,Bharatiya Janta Party,"15,45,664","11,61,208",75.10%,"1,587",0.10%
232,Jalandhar,4,SC,Punjab,Charanjit Singh Channi,Indian National Congress,"16,54,005","9,89,107",59.80%,"1,75,993",17.80%
233,Jalaun,45,SC,Uttar Pradesh [2000 Onwards],Narayan Das Ahirwar,Samajwadi Party,"20,06,161","11,28,949",56.30%,"53,898",4.80%
234,Jalgaon,3,GEN,Maharashtra,Smita Uday Wagh,Bharatiya Janta Party,"19,94,046","11,69,553",58.70%,"2,51,594",21.50%
235,Jalna,18,GEN,Maharashtra,Kalyan Vaijinathrao Kale,Indian National Congress,"19,67,574","13,63,409",69.30%,"1,09,958",8.10%
236,Jalore,18,GEN,Rajasthan,Lumbaram,Bharatiya Janta Party,"22,97,328","14,51,126",63.20%,"2,01,543",13.90%
237,Jalpaiguri,3,SC,West Bengal,Dr Jayanta Kumar Roy,Bharatiya Janta Party,"18,85,963","15,78,389",83.70%,"86,693",5.50%
238,Jammu,5,,Jammu & Kashmir,Jugal Kishore,Bharatiya Janta Party,"17,80,835","13,02,176",73.10%,"1,35,498",10.40%
239,Jamnagar,12,GEN,Gujarat,Poonamben Hematbhai Maadam,Bharatiya Janta Party,"18,17,864","10,51,235",57.80%,"2,38,008",22.60%
240,Jamshedpur,9,GEN,Jharkhand,Bidyut Baran Mahato,Bharatiya Janta Party,"18,69,278","12,77,629",68.40%,"2,59,782",20.30%
241,Jamui,40,SC,Bihar [2000 Onwards],Arun Bharti,Lok Janshakti Party(Ram Vilas),"19,07,126","9,79,233",51.40%,"1,12,482",11.50%
242,Jangipur,9,GEN,West Bengal,Khalilur Rahaman,All India Trinamool Congress,"18,05,360","13,69,633",75.90%,"1,16,637",8.50%
243,Janjgir-Champa,3,SC,Chhattisgarh,Kamlesh Jangde,Bharatiya Janta Party,"20,56,047","13,92,240",67.70%,"60,000",4.30%
244,Jaunpur,73,GEN,Uttar Pradesh [2000 Onwards],Babu Singh Kushwaha,Samajwadi Party,"19,77,237","11,01,788",55.70%,"99,335",9.00%
245,Jhalawar-Baran,25,GEN,Rajasthan,Dushyant Singh,Bharatiya Janta Party,"20,30,525","14,21,331",70.00%,"3,70,989",26.10%
246,Jhanjharpur,7,GEN,Bihar [2000 Onwards],Ramprit Mandal,Janata Dal (United),"20,03,040","10,93,741",54.60%,"1,84,169",16.80%
247,Jhansi,46,GEN,Uttar Pradesh [2000 Onwards],Anurag Sharma,Bharatiya Janta Party,"21,61,221","13,80,506",63.90%,"1,02,614",7.40%
248,Jhargram,33,ST,West Bengal,Kalipada Saren (KHERWAL),All India Trinamool Congress,"17,79,794","14,90,843",83.80%,"1,74,048",11.70%
249,Jhunjhunu,4,GEN,Rajasthan,Brijendra Singh Ola,Indian National Congress,"20,68,540","11,18,927",54.10%,"18,235",1.60%
250,Jodhpur,16,GEN,Rajasthan,Gajendra Singh Shekhawat,Bharatiya Janta Party,"21,32,713","13,83,838",64.90%,"1,15,677",8.40%
251,Jorhat,14,GEN,Assam,Gaurav Gogoi,Indian National Congress,"17,27,121","13,91,160",80.60%,"1,44,393",10.40%
252,Joynagar,19,SC,West Bengal,Pratima Mondal,All India Trinamool Congress,"18,44,780","14,82,631",80.30%,"4,70,219",31.70%
253,Junagadh,13,GEN,Gujarat,Chudasama Rajeshbhai Naranbhai,Bharatiya Janta Party,"17,95,110","10,68,253",59.50%,"1,35,494",12.70%
254,Kachchh,1,SC,Gujarat,Chavda Vinod Lakhamshi,Bharatiya Janta Party,"19,43,136","10,95,157",56.40%,"2,68,782",24.50%
255,Kadapa,21,,Andhra Pradesh [2014 Onwards],Y. S. Avinash Reddy,Yuvajana Sramika Rythu Congress Party,"16,39,066","13,21,975",80.70%,"62,695",4.70%
256,Kairana,2,GEN,Uttar Pradesh [2000 Onwards],Iqra Choudhary,Samajwadi Party,"17,22,432","10,79,806",62.70%,"69,116",6.40%
257,Kaiserganj,57,GEN,Uttar Pradesh [2000 Onwards],Karan Bhushan Singh,Bharatiya Janta Party,"19,04,726","10,62,099",55.80%,"1,48,843",14.00%
258,Kakinada,6,,Andhra Pradesh [2014 Onwards],Tangella Uday Srinivas (TEA TIME UDAY),Janasena Party,"16,34,122","13,29,803",81.40%,"2,29,491",17.30%
259,Kalahandi,11,GEN,Orissa,Malvika Devi,Bharatiya Janta Party,"17,00,780","13,34,244",78.50%,"1,33,813",10.00%
260,Kallakurichi,14,GEN,Tamil Nadu,Malaiyarasan D,Dravida Munnetra Kazhagam,"15,68,681","12,49,568",79.70%,"53,784",4.30%
261,Kalyan,24,GEN,Maharashtra,Dr Shrikant Eknath Shinde,Shiv Sena,"20,82,221","10,45,736",50.20%,"2,09,144",20.00%
262,Kancheepuram,6,SC,Tamil Nadu,Selvam. G,Dravida Munnetra Kazhagam,"17,48,866","12,59,578",72.00%,"2,21,473",17.60%
263,Kandhamal,13,GEN,Orissa,Sukanta Kumar Panigrahi,Bharatiya Janta Party,"13,39,090","9,96,091",74.40%,"21,371",2.10%
264,Kangra,1,GEN,Himachal Pradesh,Dr Rajeev Bhardwaj,Bharatiya Janta Party,"15,02,514","10,36,868",69.00%,"2,51,895",24.30%
265,Kanker,11,ST,Chhattisgarh,Bhojraj Nag,Bharatiya Janta Party,"16,54,440","12,65,429",76.50%,"1,884",0.10%
266,Kannauj,42,GEN,Uttar Pradesh [2000 Onwards],Akhilesh Yadav,Samajwadi Party,"19,88,925","12,17,833",61.20%,"1,70,922",14.00%
267,Kanniyakumari,39,GEN,Tamil Nadu,Vijayakumar (Alias) VIJAY VASANTH,Indian National Congress,"15,57,915","10,29,055",66.10%,"1,79,907",17.50%
268,Kannur,2,GEN,Kerala,K. Sudhakaran,Indian National Congress,"13,58,368","10,63,855",78.30%,"1,08,982",10.20%
269,Kanpur,43,GEN,Uttar Pradesh [2000 Onwards],Ramesh Awasthi,Bharatiya Janta Party,"16,62,859","8,87,396",53.40%,"20,968",2.40%
270,Kanthi,31,GEN,West Bengal,Adhikari Soumendu,Bharatiya Janta Party,"17,94,537","15,30,997",85.30%,"47,764",3.10%
271,Karakat,35,GEN,Bihar [2000 Onwards],Raja Ram Singh,Communist Party Of India (Marxist-Leninist) (Liberation),"18,81,191","10,31,618",53.70%,"1,05,858",10.30%
272,Karauli-Dholpu,10,SC,Rajasthan,Bhajan Lal Jatav,Indian National Congress,"19,75,352","9,88,122",50.00%,"98,945",10.00%
273,Karimganj,7,SC,Assam,Kripanath Mallah,Bharatiya Janta Party,"14,12,148","11,46,882",81.20%,"18,360",1.60%
274,Karimnagar,3,GEN,Telangana,Bandi Sanjay Kumar,Bharatiya Janta Party,"17,97,150","13,12,852",73.10%,"2,25,209",17.20%
275,Karnal,5,GEN,Haryana,Manohar Lal,Bharatiya Janta Party,"21,04,229","13,45,892",64.00%,"2,32,577",17.30%
276,Karur,23,GEN,Tamil Nadu,Jothimani. S,Indian National Congress,"14,29,790","11,32,045",79.10%,"1,66,816",14.70%
277,Kasaragod,1,GEN,Kerala,Rajmohan Unnithan,Indian National Congress,"14,52,230","11,12,546",76.60%,"1,00,649",9.00%
278,Katihar,11,GEN,Bihar [2000 Onwards],Tariq Anwar,Indian National Congress,"18,33,009","11,71,546",63.90%,"49,863",4.30%
279,Kaushambi,50,SC,Uttar Pradesh [2000 Onwards],Pushpendra Saroj,Samajwadi Party,"19,09,620","10,09,329",52.90%,"1,03,944",10.30%
280,Kaziranga,10,GEN,Assam,Kamakhya Prasad Tasa,Bharatiya Janta Party,"20,50,126","16,29,937",79.50%,"2,48,947",15.30%
281,Kendrapara,15,GEN,Orissa,Baijayant Panda,Bharatiya Janta Party,"17,92,723","12,77,108",71.20%,"66,536",5.20%
282,Keonjhar,4,ST,Orissa,Ananta Nayak,Bharatiya Janta Party,"15,88,179","12,56,615",79.10%,"97,042",7.70%
283,Khadoor Sahib,3,GEN,Punjab,Amritpal Singh,Independent,"16,67,797","10,47,165",62.80%,"1,97,120",18.80%
284,Khagaria,25,GEN,Bihar [2000 Onwards],Rajesh Verma,Lok Janshakti Party(Ram Vilas),"18,40,217","10,61,894",57.70%,"1,61,131",15.20%
285,Khajuraho,8,GEN,Madhya Pradesh [2000 Onwards],Vishnu Datt Sharma (V.D.SHARMA),Bharatiya Janta Party,"19,97,483","11,40,570",57.10%,"5,41,229",47.50%
286,Khammam,17,GEN,Telangana,Ramasahayam Raghuram Reddy,Indian National Congress,"16,31,039","12,51,283",76.70%,"4,67,847",37.40%
287,Khandwa,28,GEN,Madhya Pradesh [2000 Onwards],Gyaneshwar Patil,Bharatiya Janta Party,"21,12,203","15,12,542",71.60%,"2,69,971",17.80%
288,Khargone,27,ST,Madhya Pradesh [2000 Onwards],Gajendra Singh Patel,Bharatiya Janta Party,"20,46,030","15,58,778",76.20%,"1,35,018",8.70%
289,Kheda,17,GEN,Gujarat,Devusinh Chauhan,Bharatiya Janta Party,"20,07,404","11,75,848",58.60%,"3,57,758",30.40%
290,Kheri,28,GEN,Uttar Pradesh [2000 Onwards],Utkarsh Verma Madhur,Samajwadi Party,"18,70,170","12,13,359",64.90%,"34,329",2.80%
291,Khunti,11,ST,Jharkhand,Kali Charan Munda,Indian National Congress,"13,26,138","9,36,682",70.60%,"1,49,675",16.00%
292,Kishanganj,10,GEN,Bihar [2000 Onwards],Mohammad Jawed,Indian National Congress,"18,29,994","11,51,099",62.90%,"59,692",5.20%
293,Kodarma,5,GEN,Jharkhand,Annpurna Devi,Bharatiya Janta Party,"22,05,318","13,69,964",62.10%,"3,77,014",27.50%
294,Kokrajhar,1,ST,Assam,Joyanta Basumatary,United Peoples Party Liberal,"14,84,571","12,41,496",83.60%,"51,583",4.20%
295,Kolar,28,SC,Karnataka,M. Mallesh Babu,Janata Dal (Secular),"17,26,914","13,55,228",78.50%,"71,388",5.30%
296,Kolhapur,47,GEN,Maharashtra,Chhatrapati Shahu Shahaji,Indian National Congress,"19,36,403","13,93,326",72.00%,"1,54,964",11.10%
297,Kolkata Dakshi,23,GEN,West Bengal,Mala Roy,All India Trinamool Congress,"18,49,520","12,43,477",67.20%,"1,87,231",15.10%
298,Kolkata Uttar,24,GEN,West Bengal,Bandyopadhyay Sudip,All India Trinamool Congress,"15,05,356","9,58,433",63.70%,"92,560",9.70%
299,Kollam,18,GEN,Kerala,N K Premachandran,Revolutionary Socialist Party,"13,26,648","9,15,691",69.00%,"1,50,302",16.40%
300,Koppal,8,GEN,Karnataka,K. Rajashekar Basavaraj Hitnal,Indian National Congress,"18,66,397","13,28,936",71.20%,"46,357",3.50%
301,Koraput,21,ST,Orissa,Saptagiri Sankar Ulaka,Indian National Congress,"14,80,922","11,48,842",77.60%,"1,47,744",12.90%
302,Korba,4,GEN,Chhattisgarh,Jyotsna Charandas Mahant,Indian National Congress,"16,18,864","12,25,313",75.70%,"43,283",3.50%
303,Kota,24,GEN,Rajasthan,Om Birla,Bharatiya Janta Party,"20,88,023","15,00,157",71.90%,"41,974",2.80%
304,Kottayam,14,GEN,Kerala,Adv K Francis George,Kerala Congress,"12,54,823","8,36,223",66.60%,"87,266",10.40%
305,Kozhikode,5,GEN,Kerala,M. K. Raghavan,Indian National Congress,"14,29,631","10,90,050",76.30%,"1,46,176",13.40%
306,Krishnagiri,9,GEN,Tamil Nadu,Gopinath K,Indian National Congress,"16,23,179","11,66,156",71.80%,"1,92,486",16.50%
307,Krishnanagar,12,GEN,West Bengal,Mahua Moitra,All India Trinamool Congress,"17,55,631","14,25,712",81.20%,"56,705",4.00%
308,Kurnool,18,,Andhra Pradesh [2014 Onwards],Bastipati Nagaraju Panchalingala,Telugu Desam,"17,22,857","13,30,780",77.20%,"1,11,298",8.40%
309,Kurukshetra,2,GEN,Haryana,Naveen Jindal,Bharatiya Janta Party,"17,94,300","12,05,872",67.20%,"29,021",2.40%
310,Kushi Nagar,65,GEN,Uttar Pradesh [2000 Onwards],Vijay Kumar Dubay,Bharatiya Janta Party,"18,75,222","10,80,483",57.60%,"81,790",7.60%
311,Ladakh,1,GEN,Ladakh,Mohmad Haneefa,Independent,"1,84,808","1,35,524",73.30%,"27,862",20.60%
312,Lakhimpur,12,GEN,Assam,Pradan Baruah,Bharatiya Janta Party,"15,77,234","12,11,214",76.80%,"2,01,257",16.60%
313,Lakshadweep,1,,Lakshadweep,Muhammed Hamdullah Sayeed,Indian National Congress,"57,784","49,200",85.10%,"2,647",5.40%
314,Lalganj,68,SC,Uttar Pradesh [2000 Onwards],Daroga Prasad Saroj,Samajwadi Party,"18,38,882","10,03,438",54.60%,"1,15,023",11.50%
315,Latur,41,SC,Maharashtra,Dr. Kalge Shivaji Bandappa,Indian National Congress,"19,77,042","12,39,079",62.70%,"61,881",5.00%
316,Lohardaga,12,ST,Jharkhand,Sukhdeo Bhagat,Indian National Congress,"14,41,302","9,67,125",67.10%,"1,39,138",14.40%
317,Lucknow,35,GEN,Uttar Pradesh [2000 Onwards],Raj Nath Singh,Bharatiya Janta Party,"21,72,171","11,36,892",52.30%,"1,35,159",11.90%
318,Ludhiana,7,GEN,Punjab,Amrinder Singh Raja Warring,Indian National Congress,"17,58,614","10,59,157",60.20%,"20,942",2.00%
319,Machhlishahr,74,SC,Uttar Pradesh [2000 Onwards],Priya Saroj,Samajwadi Party,"19,40,605","10,60,063",54.60%,"35,850",3.40%
320,Machilipatnam,11,,Andhra Pradesh [2014 Onwards],Balashowry Vallabhaneni,Janasena Party,"15,39,460","13,12,004",85.20%,"2,23,179",17.00%
321,Madha,43,GEN,Maharashtra,Mohite-Patil Dhairyasheel Rajsinh,Nationalist Congress Party – Sharadchandra Pawar,"19,91,454","12,73,418",63.90%,"1,20,837",9.50%
322,Madhepura,13,GEN,Bihar [2000 Onwards],Dinesh Chandra Yadav,Janata Dal (United),"20,71,166","12,09,695",58.40%,"1,74,534",14.40%
323,Madhubani,6,GEN,Bihar [2000 Onwards],Ashok Kumar Yadav,Bharatiya Janta Party,"19,34,980","10,27,728",53.10%,"1,51,945",14.80%
324,Madurai,32,GEN,Tamil Nadu,Venkatesan S,Communist Party Of India (Marxist),"15,82,271","9,86,969",62.40%,"2,09,409",21.20%
325,Mahabubabad,16,ST,Telangana,Balram Naik Porika,Indian National Congress,"15,32,366","11,08,786",72.40%,"3,49,165",31.50%
326,Maharajganj,63,GEN,Uttar Pradesh [2000 Onwards],Pankaj Chaudhary,Bharatiya Janta Party,"20,04,050","12,10,451",60.40%,"35,451",2.90%
327,Maharajganj,19,GEN,Bihar [2000 Onwards],"Janardan Singh ""sigriwal""",Bharatiya Janta Party,"19,34,937","10,14,109",52.40%,"1,02,651",10.10%
328,Mahasamund,9,GEN,Chhattisgarh,Roop Kumari Choudhary,Bharatiya Janta Party,"17,62,477","13,26,080",75.20%,"1,45,456",11.00%
329,Mahbubnagar,11,GEN,Telangana,Aruna. D. K,Bharatiya Janta Party,"16,82,470","12,26,078",72.90%,"4,500",0.40%
330,Mahesana,4,GEN,Gujarat,Haribhai Patel,Bharatiya Janta Party,"17,70,617","10,76,827",60.80%,"3,28,046",30.50%
331,Mainpuri,21,GEN,Uttar Pradesh [2000 Onwards],Dimple Yadav,Samajwadi Party,"17,90,797","10,54,011",58.90%,"2,21,639",21.00%
332,Malappuram,6,GEN,Kerala,E.T. Mohammed Basheer,Indian Union Muslim League,"14,79,921","10,85,182",73.30%,"3,00,118",27.70%
333,Maldaha Dakshi,8,GEN,West Bengal,Isha Khan Choudhury,Indian National Congress,"17,82,159","13,69,789",76.90%,"1,28,368",9.40%
334,Maldaha Uttar,7,GEN,West Bengal,Khagen Murmu,Bharatiya Janta Party,"18,62,035","14,17,589",76.10%,"77,708",5.50%
335,Malkajgiri,7,GEN,Telangana,Eatala Rajender,Bharatiya Janta Party,"37,79,596","19,33,843",51.20%,"3,91,475",20.20%
336,Mandi,2,GEN,Himachal Pradesh,Kangna Ranaut,Bharatiya Janta Party,"13,64,060","10,15,810",74.50%,"74,755",7.40%
337,Mandla,14,ST,Madhya Pradesh [2000 Onwards],Faggan Singh Kulaste,Bharatiya Janta Party,"21,01,811","15,35,632",73.10%,"1,03,846",6.80%
338,Mandsour,23,GEN,Madhya Pradesh [2000 Onwards],Sudheer Gupta,Bharatiya Janta Party,"18,98,060","14,33,492",75.50%,"5,00,655",34.90%
339,Mandya,20,GEN,Karnataka,H.D. Kumaraswamy,Janata Dal (Secular),"17,79,243","14,60,267",82.10%,"2,84,620",19.50%
340,Mathura,17,GEN,Uttar Pradesh [2000 Onwards],Hemamalini Dharmendra Deol,Bharatiya Janta Party,"19,29,550","9,57,046",49.60%,"2,93,407",30.70%
341,Mathurapur,20,SC,West Bengal,Bapi Haldar,All India Trinamool Congress,"18,17,068","14,96,024",82.00%,"2,01,057",13.40%
342,Maval,33,GEN,Maharashtra,Shrirang Appa Chandu Barne,Shiv Sena,"25,85,018","14,19,401",54.90%,"96,615",6.80%
343,Mavelikkara,16,SC,Kerala,Kodikunnil Suresh,Indian National Congress,"13,31,880","8,94,971",67.20%,"10,868",1.20%
344,Mayiladuthurai,28,GEN,Tamil Nadu,Sudha R,Indian National Congress,"15,45,568","10,87,708",70.40%,"2,71,183",24.90%
345,Mayurbhanj,5,ST,Orissa,Naba Charan Majhi,Bharatiya Janta Party,"15,42,927","11,74,050",76.10%,"2,19,334",18.70%
346,Medak,6,GEN,Telangana,Madhavaneni Raghunandan Rao,Bharatiya Janta Party,"18,28,210","13,86,239",75.80%,"39,139",2.80%
347,Medinipur,34,GEN,West Bengal,June Maliah,All India Trinamool Congress,"18,11,243","14,81,563",81.80%,"27,191",1.80%
348,Meerut,10,GEN,Uttar Pradesh [2000 Onwards],Arun Govil,Bharatiya Janta Party,"20,00,530","11,82,479",59.10%,"10,585",0.90%
349,Mirzapur,79,GEN,Uttar Pradesh [2000 Onwards],Anupriya Patel,Apna Dal (Soneylal),"19,06,327","11,05,405",58.00%,"37,810",3.40%
350,Misrikh,32,SC,Uttar Pradesh [2000 Onwards],Ashok Kumar Rawat,Bharatiya Janta Party,"18,78,195","10,51,983",56.00%,"33,406",3.20%
351,Mizoram,1,ST,Mizoram,Richard Vanlalhmangaiha,Zoram People’s Movement,"8,56,364","4,91,336",57.40%,"68,288",13.90%
352,Mohanlalganj,34,SC,Uttar Pradesh [2000 Onwards],R.K. Chaudhary,Samajwadi Party,"21,87,232","13,77,452",63.00%,"70,292",5.10%
353,Moradabad,6,GEN,Uttar Pradesh [2000 Onwards],Ruchi Vira,Samajwadi Party,"20,59,578","12,83,185",62.30%,"1,05,762",8.20%
354,Morena,1,GEN,Madhya Pradesh [2000 Onwards],Shivmangal Singh Tomar,Bharatiya Janta Party,"20,06,730","11,87,331",59.20%,"52,530",4.40%
355,Mumbai North,26,GEN,Maharashtra,Piyush Goyal,Bharatiya Janta Party,"18,11,942","10,35,493",57.20%,"3,57,608",34.50%
356,Mumbai North Central,29,GEN,Maharashtra,Gaikwad Varsha Eknath,Indian National Congress,"17,44,128","9,10,562",52.20%,"16,514",1.80%
357,Mumbai North East,28,GEN,Maharashtra,Sanjay Dina Patil,Shiv Sena (Uddhav Balasaheb Thackrey),"16,36,890","9,26,469",56.60%,"29,861",3.20%
358,Mumbai North West,27,GEN,Maharashtra,Ravindra Dattaram Waikar,Shiv Sena,"17,35,088","9,54,939",55.00%,48,0.00%
359,Mumbai South,31,GEN,Maharashtra,Arvind Ganpat Sawant,Shiv Sena (Uddhav Balasaheb Thackrey),"15,36,168","7,73,113",50.30%,"52,673",6.80%
360,Mumbai South Central,30,GEN,Maharashtra,Anil Yeshwant Desai,Shiv Sena (Uddhav Balasaheb Thackrey),"14,74,405","7,94,524",53.90%,"53,384",6.70%
361,Munger,28,GEN,Bihar [2000 Onwards],Rajiv Ranjan Singh Alias Lalan Singh,Janata Dal (United),"20,42,279","11,39,081",55.80%,"80,870",7.10%
362,Murshidabad,11,GEN,West Bengal,Abu Taher Khan,All India Trinamool Congress,"18,88,097","15,41,559",81.70%,"1,64,215",10.70%
363,Muzaffarnagar,3,GEN,Uttar Pradesh [2000 Onwards],Harendra Singh Malik,Samajwadi Party,"18,17,472","10,78,669",59.40%,"24,672",2.30%
364,Muzaffarpur,15,GEN,Bihar [2000 Onwards],Raj Bhushan Choudhary,Bharatiya Janta Party,"18,66,106","11,12,460",59.60%,"2,34,927",21.10%
365,Mysore,21,GEN,Karnataka,Yaduveer Krishnadatta Chamaraja Wadiyar,Bharatiya Janta Party,"20,92,222","14,84,473",71.00%,"1,39,262",9.40%
366,Nabarangpur,12,ST,Orissa,Balabhadra Majhi,Bharatiya Janta Party,"15,14,140","12,42,475",82.10%,"87,536",7.00%
367,Nagaland,1,ST,Nagaland,S Supongmeren Jamir,Indian National Congress,"13,17,536","7,60,796",57.70%,"50,984",6.70%
368,Nagaon,9,GEN,Assam,Pradyut Bordoloi,Indian National Congress,"18,17,204","15,49,998",85.30%,"2,12,231",13.70%
369,Nagapattinam,29,SC,Tamil Nadu,Selvaraj V,Communist Party Of India,"13,45,120","9,73,011",72.30%,"2,08,957",21.50%
370,Nagarkurnool,12,SC,Telangana,Dr.Mallu Ravi,Indian National Congress,"17,38,254","12,19,223",70.10%,"94,414",7.70%
371,Nagaur,14,GEN,Rajasthan,Hanuman Beniwal,Rashtriya Loktantrik Party,"21,46,725","12,38,473",57.70%,"42,225",3.40%
372,Nagina,5,SC,Uttar Pradesh [2000 Onwards],Chandrashekhar,Aazad Samaj Party (Kanshi Ram),"16,44,909","10,01,303",60.90%,"1,51,473",15.10%
373,Nagpur,10,GEN,Maharashtra,Nitin Jairam Gadkari,Bharatiya Janta Party,"22,23,281","12,11,321",54.50%,"1,37,603",11.40%
374,Nainital-Udham,4,GEN,Uttarakhand,Ajay Bhatt,Bharatiya Janta Party,"20,15,809","12,66,016",62.80%,"3,34,548",26.40%
375,Nalanda,29,GEN,Bihar [2000 Onwards],Kaushalendra Kumar,Janata Dal (United),"22,88,240","11,44,383",49.90%,"1,69,114",14.80%
376,Nalgonda,13,GEN,Telangana,Kunduru Raghuveer,Indian National Congress,"17,25,465","12,96,324",75.10%,"5,59,905",43.20%
377,Namakkal,16,GEN,Tamil Nadu,Matheswaran V S,Dravida Munnetra Kazhagam,"14,52,562","11,46,303",78.90%,"29,112",2.50%
378,Nanded,16,GEN,Maharashtra,Chavan Vasantrao Balwantrao,Indian National Congress,"18,51,843","11,28,254",60.90%,"59,442",5.30%
379,Nandurbar,1,ST,Maharashtra,Adv Gowaal Kagada Padavi,Indian National Congress,"19,70,327","13,93,669",70.70%,"1,59,120",11.40%
380,Nandyal,17,,Andhra Pradesh [2014 Onwards],Dr Byreddy Shabari,Telugu Desam,"17,21,013","14,04,418",81.60%,"1,11,975",8.00%
381,Narasaraopet,14,,Andhra Pradesh [2014 Onwards],Lavu Srikrishna Devarayalu,Telugu Desam,"17,34,858","14,99,569",86.40%,"1,59,729",10.70%
382,Narsapuram,9,,Andhra Pradesh [2014 Onwards],Bhupathi Raju Srinivasa Varma (B.J.P.VARMA),Bharatiya Janta Party,"14,72,923","12,30,994",83.60%,"2,76,802",22.50%
383,Nashik,21,GEN,Maharashtra,Rajabhau (PARAG) PRAKASH WAJE,Shiv Sena (Uddhav Balasaheb Thackrey),"20,30,124","12,37,204",60.90%,"1,62,001",13.10%
384,Navsari,25,GEN,Gujarat,C R Patil,Bharatiya Janta Party,"22,23,550","13,38,216",60.20%,"7,73,551",57.80%
385,Nawada,39,GEN,Bihar [2000 Onwards],Vivek Thakur,Bharatiya Janta Party,"20,06,124","8,69,870",43.40%,"67,670",7.80%
386,Nellore,22,,Andhra Pradesh [2014 Onwards],Prabhakar Reddy Vemireddy,Telugu Desam,"17,12,274","13,75,649",80.30%,"2,45,902",17.90%
387,New Delhi,4,GEN,Delhi [1977 Onwards],Bansuri Swaraj,Bharatiya Janta Party,"15,25,071","8,47,468",55.60%,"78,370",9.20%
388,Nilgiris,19,SC,Tamil Nadu,Raja A,Dravida Munnetra Kazhagam,"14,28,387","10,18,906",71.30%,"2,40,585",23.60%
389,Nizamabad,4,GEN,Telangana,Arvind Dharmapuri,Bharatiya Janta Party,"17,04,867","12,33,581",72.40%,"1,09,241",8.90%
390,North East Delhi,2,GEN,Delhi [1977 Onwards],Manoj Tiwari,Bharatiya Janta Party,"24,63,159","15,52,731",63.00%,"1,38,778",8.90%
391,North Goa,1,GEN,Goa,Shripad Yesso Naik,Bharatiya Janta Party,"5,80,577","4,56,018",78.60%,"1,16,015",25.40%
392,North West Delhi,5,SC,Delhi [1977 Onwards],Yogender Chandoliya,Bharatiya Janta Party,"25,67,423","14,87,207",57.90%,"2,90,849",19.60%
393,Ongole,16,,Andhra Pradesh [2014 Onwards],Magunta Sreenivasulu Reddy,Telugu Desam,"16,07,832","14,22,214",88.50%,"50,199",3.50%
394,Osmanabad,40,GEN,Maharashtra,Omprakash Bhupalsinh Alias Pavan Rajenimbalkar,Shiv Sena (Uddhav Balasaheb Thackrey),"19,92,737","12,81,052",64.30%,"3,29,846",25.70%
395,Outer Manipur,2,ST,Manipur,Alfred Kanngam S Arthur,Indian National Congress,"10,38,027","7,96,735",76.80%,"85,418",10.70%
396,Palakkad,8,GEN,Kerala,V K Sreekandan,Indian National Congress,"13,98,143","10,35,836",74.10%,"75,283",7.30%
397,Palamau,13,SC,Jharkhand,Vishnu Dayal Ram,Bharatiya Janta Party,"22,43,034","13,90,738",62.00%,"2,88,807",20.80%
398,Palghar,22,ST,Maharashtra,Dr. Hemant Vishnu Savara,Bharatiya Janta Party,"21,48,514","13,76,074",64.10%,"1,83,306",13.30%
399,Pali,15,GEN,Rajasthan,P. P. Chaudhary,Bharatiya Janta Party,"23,43,232","13,53,842",57.80%,"2,45,351",18.10%
400,Panchmahal,18,GEN,Gujarat,Rajpalsinh Mahendrasinh Jadav,Bharatiya Janta Party,"18,96,743","11,31,497",59.70%,"5,09,342",45.00%
401,Parbhani,17,GEN,Maharashtra,Jadhav Sanjay ( BANDU ) HARIBHAU,Shiv Sena (Uddhav Balasaheb Thackrey),"21,23,056","13,31,176",62.70%,"1,34,061",10.10%
402,Paschim Champaran,2,GEN,Bihar [2000 Onwards],Dr.Sanjay Jaiswal,Bharatiya Janta Party,"17,56,078","10,86,256",61.90%,"1,36,568",12.60%
403,Pataliputra,31,GEN,Bihar [2000 Onwards],Misha Bharti,Rashtriya Janata Dal,"20,73,685","12,30,099",59.30%,"85,174",6.90%
404,Patan,3,GEN,Gujarat,Dabhi Bharatsinhji Shankarji,Bharatiya Janta Party,"20,19,916","11,93,125",59.10%,"31,876",2.70%
405,Pathanamthitta,17,GEN,Kerala,Anto Antony,Indian National Congress,"14,29,700","9,19,569",64.30%,"66,119",7.20%
406,Patiala,13,GEN,Punjab,Dr Dharamvira Gandhi,Indian National Congress,"18,06,424","11,51,743",63.80%,"14,831",1.30%
407,Patna Sahib,30,GEN,Bihar [2000 Onwards],Ravi Shankar Prasad,Bharatiya Janta Party,"22,92,045","10,75,496",46.90%,"1,53,846",14.30%
408,Peddapalle,2,SC,Telangana,Vamsi Krishna Gaddam,Indian National Congress,"15,96,430","10,95,295",68.60%,"1,31,364",12.00%
409,Perambalur,25,GEN,Tamil Nadu,Arun Nehru,Dravida Munnetra Kazhagam,"14,46,352","11,29,226",78.00%,"3,89,107",34.50%
410,Phulpur,51,GEN,Uttar Pradesh [2000 Onwards],Praveen Patel,Bharatiya Janta Party,"20,67,043","10,14,824",49.10%,"4,332",0.40%
411,Pilibhit,26,GEN,Uttar Pradesh [2000 Onwards],Jitin Prasada,Bharatiya Janta Party,"18,31,699","11,60,947",63.40%,"1,64,935",14.20%
412,Pollachi,21,GEN,Tamil Nadu,Eswarasamy K,Dravida Munnetra Kazhagam,"15,97,467","11,26,045",70.40%,"2,52,042",22.40%
413,Ponnani,7,GEN,Kerala,Dr. M.P Abdussamad Samadani,Indian Union Muslim League,"14,70,804","10,26,296",69.80%,"2,35,760",23.00%
414,Porbandar,11,GEN,Gujarat,Dr. Mansukh Mandaviya,Bharatiya Janta Party,"17,68,212","9,28,977",52.50%,"3,83,360",41.30%
415,Pratapgarh,39,GEN,Uttar Pradesh [2000 Onwards],Shiv Pal Singh Patel (DR. S P SINGH),Samajwadi Party,"18,33,312","9,47,288",51.70%,"66,206",7.00%
416,Puducherry,1,GEN,Pondicherry,Ve Vaithilingam,Indian National Congress,"10,23,699","8,07,940",78.90%,"1,36,516",16.90%
417,Pune,34,GEN,Maharashtra,Murlidhar Mohol,Bharatiya Janta Party,"20,61,276","11,04,572",53.60%,"1,23,038",11.10%
418,Puri,17,GEN,Orissa,Sambit Patra,Bharatiya Janta Party,"15,86,465","11,96,938",75.50%,"1,04,709",8.70%
419,Purnia,12,GEN,Bihar [2000 Onwards],Rajesh Ranjan Alias Pappu Yadav,Independent,"18,93,698","11,95,844",63.20%,"23,847",2.00%
420,Purulia,35,GEN,West Bengal,Jyotirmay Singh Mahato,Bharatiya Janta Party,"18,23,120","14,34,018",78.70%,"17,079",1.20%
421,Purvi Champaran,3,GEN,Bihar [2000 Onwards],Radha Mohan Singh,Bharatiya Janta Party,"17,90,761","10,73,688",60.00%,"88,287",8.20%
422,Rae Bareli,36,GEN,Uttar Pradesh [2000 Onwards],Rahul Gandhi,Indian National Congress,"17,84,314","10,39,219",58.20%,"3,90,030",37.50%
423,Raichur,6,ST,Karnataka,G. Kumar Naik.,Indian National Congress,"20,10,103","12,99,619",64.70%,"79,781",6.10%
424,Raigad,32,GEN,Maharashtra,Tatkare Sunil Dattatrey,Nationalist Congress Party,"16,68,372","10,13,272",60.70%,"82,784",8.20%
425,Raiganj,5,GEN,West Bengal,Kartick Chandra Paul,Bharatiya Janta Party,"17,90,245","13,68,471",76.40%,"68,197",5.00%
426,Raigarh,2,ST,Chhattisgarh,Radheshyam Rathiya,Bharatiya Janta Party,"18,38,547","14,52,965",79.00%,"2,40,391",16.50%
427,Raipur,8,GEN,Chhattisgarh,Brijmohan Agrawal,Bharatiya Janta Party,"23,75,379","15,86,755",66.80%,"5,75,285",36.30%
428,Rajahmundry,8,,Andhra Pradesh [2014 Onwards],Daggubati Purandheshwari,Bharatiya Janta Party,"16,23,149","13,25,297",81.70%,"2,39,139",18.00%
429,Rajampet,24,,Andhra Pradesh [2014 Onwards],P V Midhun Reddy,Yuvajana Sramika Rythu Congress Party,"16,65,702","13,32,939",80.00%,"76,071",5.70%
430,Rajgarh,20,GEN,Madhya Pradesh [2000 Onwards],Rodmal Nagar,Bharatiya Janta Party,"18,75,211","14,28,997",76.20%,"1,46,089",10.20%
431,Rajkot,10,GEN,Gujarat,Parshottambhai Rupala,Bharatiya Janta Party,"21,12,273","12,73,542",60.30%,"4,84,260",38.00%
432,Rajmahal,1,ST,Jharkhand,Vijay Kumar Hansdak,Jharkhand Mukti Morcha,"17,04,671","12,18,249",71.50%,"1,78,264",14.60%
433,Rajnandgaon,6,GEN,Chhattisgarh,Santosh Pandey,Bharatiya Janta Party,"18,68,021","14,45,765",77.40%,"44,411",3.10%
434,Rajsamand,22,GEN,Rajasthan,Mahima Kumari Mewar,Bharatiya Janta Party,"20,60,942","12,13,130",58.90%,"3,92,223",32.30%
435,Ramanathapuram,35,GEN,Tamil Nadu,Navaskani K,Indian Union Muslim League,"16,17,688","11,09,853",68.60%,"1,66,782",15.00%
436,Rampur,7,GEN,Uttar Pradesh [2000 Onwards],Mohibbullah,Samajwadi Party,"17,31,836","9,68,079",55.90%,"87,434",9.00%
437,Ramtek,9,SC,Maharashtra,Shyamkumar (Babalu) Daulat Barve,Indian National Congress,"20,49,085","12,52,512",61.10%,"76,768",6.10%
438,Ranaghat,13,SC,West Bengal,Jagannath Sarkar,Bharatiya Janta Party,"18,71,658","15,40,632",82.00%,"1,86,899",12.10%
439,Ranchi,8,GEN,Jharkhand,Sanjay Seth,Bharatiya Janta Party,"21,97,331","14,47,781",65.90%,"1,20,512",8.30%
440,Ratlam,24,ST,Madhya Pradesh [2000 Onwards],Anita Nagarsingh Chouhan,Bharatiya Janta Party,"20,94,548","15,32,643",73.20%,"2,07,232",13.50%
441,Ratnagiri - Si,46,GEN,Maharashtra,Narayan Tatu Rane,Bharatiya Janta Party,"14,51,630","9,14,038",63.00%,"47,858",5.20%
442,Raver,4,GEN,Maharashtra,Khadse Raksha Nikhil,Bharatiya Janta Party,"18,21,750","11,71,666",64.30%,"2,72,183",23.20%
443,Rewa,10,GEN,Madhya Pradesh [2000 Onwards],Janardan Mishra,Bharatiya Janta Party,"18,52,126","9,18,129",49.50%,"1,93,374",21.10%
444,Robertsganj,80,SC,Uttar Pradesh [2000 Onwards],Chhotelal,Samajwadi Party,"17,79,189","10,09,545",56.70%,"1,29,234",12.80%
445,Rohtak,7,GEN,Haryana,Deepender Singh Hooda,Indian National Congress,"18,89,844","12,48,446",66.00%,"3,45,298",27.70%
446,Sabarkantha,5,GEN,Gujarat,Shobhanaben Mahendrasinh Baraiya,Bharatiya Janta Party,"19,76,349","12,69,358",64.20%,"1,55,682",12.30%
447,Sagar,5,GEN,Madhya Pradesh [2000 Onwards],Dr. Lata Wankhede,Bharatiya Janta Party,"17,45,690","11,50,549",65.90%,"4,71,222",41.00%
448,Saharanpur,1,GEN,Uttar Pradesh [2000 Onwards],Imran Masood,Indian National Congress,"18,55,310","12,29,455",66.30%,"64,542",5.20%
449,Salem,15,GEN,Tamil Nadu,Selvaganapathi T M,Dravida Munnetra Kazhagam,"16,58,681","13,04,844",78.70%,"70,357",5.40%
450,Salempur,71,GEN,Uttar Pradesh [2000 Onwards],Ramashankar Rajbhar,Samajwadi Party,"17,76,982","9,17,362",51.60%,"3,573",0.40%
451,Samastipur,23,SC,Bihar [2000 Onwards],Shambhavi,Lok Janshakti Party(Ram Vilas),"18,18,530","10,94,592",60.20%,"1,87,251",17.10%
452,Sambalpur,3,GEN,Orissa,Dharmendra Pradhan,Bharatiya Janta Party,"14,99,728","11,96,747",79.80%,"1,19,836",10.00%
453,Sambhal,8,GEN,Uttar Pradesh [2000 Onwards],Zia Ur Rehman,Samajwadi Party,"18,98,202","11,94,983",63.00%,"1,21,494",10.20%
454,Sangli,44,GEN,Maharashtra,Vishal (DADA) PRAKASHBAPU PATIL,Independent,"18,68,174","11,68,744",62.60%,"1,00,053",8.60%
455,Sangrur,12,GEN,Punjab,Gurmeet Singh Meet Hayer,Aam Aadmi Party,"15,56,601","10,09,665",64.90%,"1,72,560",17.10%
456,Sant Kabir Nagar,62,GEN,Uttar Pradesh [2000 Onwards],Laxmikant Pappu Nishad,Samajwadi Party,"20,71,964","10,91,202",52.70%,"92,170",8.40%
457,Saran,20,GEN,Bihar [2000 Onwards],Rajiv Pratap Rudy,Bharatiya Janta Party,"17,95,010","10,21,508",56.90%,"13,661",1.30%
458,Sarguja,1,ST,Chhattisgarh,Chintamani Maharaj,Bharatiya Janta Party,"18,19,347","14,55,269",80.00%,"64,822",4.50%
459,Sasaram,34,SC,Bihar [2000 Onwards],Manoj Kumar,Indian National Congress,"19,10,368","10,97,075",57.40%,"19,157",1.70%
460,Satara,45,GEN,Maharashtra,Shrimant Chh Udayanraje Pratapsinhamaharaj Bhonsle,Bharatiya Janta Party,"18,89,740","11,98,004",63.40%,"32,771",2.70%
461,Satna,9,GEN,Madhya Pradesh [2000 Onwards],Ganesh Singh,Bharatiya Janta Party,"17,05,260","10,58,972",62.10%,"84,949",8.00%
462,Secundrabad,8,GEN,Telangana,G. Kishan Reddy,Bharatiya Janta Party,"21,20,401","10,47,659",49.40%,"49,944",4.80%
463,Shahdol,12,ST,Madhya Pradesh [2000 Onwards],Smt. Himadri Singh,Bharatiya Janta Party,"17,77,185","11,52,013",64.80%,"3,97,340",34.50%
464,Shahjahanpur,27,SC,Uttar Pradesh [2000 Onwards],Arun Kumar Sagar,Bharatiya Janta Party,"23,31,834","12,47,902",53.50%,"55,379",4.40%
465,Sheohar,4,GEN,Bihar [2000 Onwards],Lovely Anand,Janata Dal (United),"18,32,745","10,55,602",57.60%,"29,143",2.80%
466,Shillong,1,ST,Meghalaya,Dr. Ricky Andrew J. Syngkon,Voice Of The People Party,"14,00,411","10,37,911",74.10%,"3,71,910",35.80%
467,Shimla,4,SC,Himachal Pradesh,Suresh Kumar Kashyap,Bharatiya Janta Party,"13,46,369","9,69,965",72.00%,"91,451",9.40%
468,Shimoga,14,GEN,Karnataka,B.Y.Raghavendra,Bharatiya Janta Party,"17,52,885","13,77,224",78.60%,"2,43,715",17.70%
469,Shirdi,38,SC,Maharashtra,Bhausaheb Rajaram Wakchaure,Shiv Sena (Uddhav Balasaheb Thackrey),"16,77,335","10,59,864",63.20%,"50,529",4.80%
470,Shirur,36,GEN,Maharashtra,Dr. Amol Ramsing Kolhe,Nationalist Congress Party – Sharadchandra Pawar,"25,39,702","13,74,464",54.10%,"1,40,951",10.30%
471,Shrawasti,58,GEN,Uttar Pradesh [2000 Onwards],Ram Shiromani Verma,Samajwadi Party,"19,80,381","10,46,528",52.80%,"76,673",7.30%
472,Sidhi,11,GEN,Madhya Pradesh [2000 Onwards],Dr. Rajesh Mishra,Bharatiya Janta Party,"20,28,451","11,47,264",56.60%,"2,06,416",18.00%
473,Sikar,5,GEN,Rajasthan,Amraram,Communist Party Of India (Marxist),"22,14,900","13,00,856",58.70%,"72,896",5.60%
474,Sikkim,1,GEN,Sikkim,Indra Hang Subba,Sikkim Krantikari Morcha,"4,64,140","3,84,893",82.90%,"80,830",21.00%
475,Silchar,8,GEN,Assam,Parimal Suklabaidya,Bharatiya Janta Party,"13,69,578","10,89,426",79.50%,"2,64,311",24.30%
476,Singhbhum,10,ST,Jharkhand,Joba Majhi,Jharkhand Mukti Morcha,"14,47,562","10,07,597",69.60%,"1,68,402",16.70%
477,Sirsa,3,SC,Haryana,Selja,Indian National Congress,"19,37,689","13,54,632",69.90%,"2,68,497",19.80%
478,Sitamarhi,5,GEN,Bihar [2000 Onwards],Devesh Chandra Thakur,Janata Dal (United),"19,47,996","10,93,992",56.20%,"51,356",4.70%
479,Sitapur,30,GEN,Uttar Pradesh [2000 Onwards],Rakesh Rathor,Indian National Congress,"17,59,943","11,02,015",62.60%,"89,641",8.10%
480,Sivaganga,31,GEN,Tamil Nadu,Karti P Chidambaram,Indian National Congress,"16,33,857","10,53,419",64.50%,"2,05,664",19.50%
481,Siwan,18,GEN,Bihar [2000 Onwards],Vijaylakshmi Devi,Janata Dal (United),"18,96,512","9,98,018",52.60%,"92,857",9.30%
482,Solapur,42,SC,Maharashtra,Praniti Sushilkumar Shinde,Indian National Congress,"20,30,119","12,04,485",59.30%,"74,197",6.20%
483,Sonipat,6,GEN,Haryana,Satpal Brahamchari,Indian National Congress,"17,66,624","11,23,944",63.60%,"21,816",1.90%
484,Sonitpur,11,GEN,Assam,Ranjit Dutta,Bharatiya Janta Party,"16,33,800","12,88,468",78.90%,"3,61,408",28.00%
485,South Delhi,7,GEN,Delhi [1977 Onwards],Ramvir Singh Bidhuri,Bharatiya Janta Party,"22,91,764","12,95,998",56.60%,"1,24,333",9.60%
486,South Goa,2,GEN,Goa,Captain Viriato Fernandes,Indian National Congress,"5,98,767","4,50,520",75.20%,"13,535",3.00%
487,Srerampur,27,GEN,West Bengal,Kalyan Banerjee,All India Trinamool Congress,"19,26,645","14,76,532",76.60%,"1,74,830",11.80%
488,Srikakulam,2,,Andhra Pradesh [2014 Onwards],Kinjarapu Rammohan Naidu,Telugu Desam,"16,31,174","12,35,686",75.80%,"3,27,901",26.50%
489,Srinagar,2,,Jammu & Kashmir,Aga Syed Ruhullah Mehdi,Jammu & Kashmir National Conference,"17,47,810","6,75,242",38.60%,"1,88,416",27.90%
490,Sriperumbudur,5,GEN,Tamil Nadu,T R Baalu,Dravida Munnetra Kazhagam,"23,82,119","14,40,935",60.50%,"4,87,029",33.80%
491,Sultanpur,38,GEN,Uttar Pradesh [2000 Onwards],Rambhual Nishad,Samajwadi Party,"18,52,590","10,33,387",55.80%,"43,174",4.20%
492,Sundargarh,2,ST,Orissa,Jual Oram,Bharatiya Janta Party,"15,76,105","11,55,777",73.30%,"1,38,808",12.00%
493,Supaul,8,GEN,Bihar [2000 Onwards],Dileshwar Kamait,Janata Dal (United),"19,27,207","12,31,114",63.90%,"1,69,803",13.80%
494,Surat,24,GEN,Gujarat,Mukeshkumar Chandrakaant Dalal ( Uncontested ),Bharatiya Janta Party,"16,06,425",RU,NA,NA,
495,Surendranagar,9,GEN,Gujarat,Chandubhai Chhaganbhai Shihora,Bharatiya Janta Party,"20,33,419","11,31,377",55.60%,"2,61,617",23.10%
496,Tamluk,30,GEN,West Bengal,Abhijit Gangopadhyay,Bharatiya Janta Party,"18,50,741","15,77,319",85.20%,"77,733",4.90%
497,Tehri Garhwal,1,GEN,Uttarakhand,Mala Rajya Lakshmi Shah,Bharatiya Janta Party,"15,77,664","8,62,041",54.60%,"2,72,493",31.60%
498,Tenkasi,37,SC,Tamil Nadu,Dr Rani Sri Kumar,Dravida Munnetra Kazhagam,"15,25,439","10,39,119",68.10%,"1,96,199",18.90%
499,Thane,25,GEN,Maharashtra,Naresh Ganpat Mhaske,Shiv Sena,"25,07,372","13,09,068",52.20%,"2,17,011",16.60%
500,Thanjavur,30,GEN,Tamil Nadu,Murasoli S,Dravida Munnetra Kazhagam,"15,01,226","10,28,706",68.50%,"3,19,583",31.10%
501,Theni,33,GEN,Tamil Nadu,Thanga Tamilselvan,Dravida Munnetra Kazhagam,"16,22,949","11,41,219",70.30%,"2,78,825",24.40%
502,Thiruvallur,1,SC,Tamil Nadu,Sasikanth Senthil,Indian National Congress,"20,85,991","14,17,812",68.00%,"5,72,155",40.40%
503,Thiruvananthapuram,20,GEN,Kerala,Shashi Tharoor,Indian National Congress,"14,30,531","9,62,983",67.30%,"16,077",1.70%
504,Thoothukkudi,36,GEN,Tamil Nadu,Kanimozhi Karunanidhi,Dravida Munnetra Kazhagam,"14,58,430","9,78,526",67.10%,"3,92,738",40.10%
505,Thrissur,10,GEN,Kerala,Suresh Gopi,Bharatiya Janta Party,"14,83,055","10,90,876",73.60%,"74,686",6.80%
506,Tikamgarh,6,SC,Madhya Pradesh [2000 Onwards],Dr. Virendra Kumar,Bharatiya Janta Party,"18,26,585","10,98,390",60.10%,"4,03,312",36.70%
507,Tiruchirappall,24,GEN,Tamil Nadu,Durai Vaiko,Marumalarchi Dravida Munnetra Kazhagam,"15,53,985","10,55,964",68.00%,"3,13,094",29.70%
508,Tirunelveli,38,GEN,Tamil Nadu,Robert Bruce C,Indian National Congress,"16,54,503","10,67,448",64.50%,"1,65,620",15.50%
509,Tirupati,23,SC,Andhra Pradesh [2014 Onwards],Gurumoorthy Maddila,Yuvajana Sramika Rythu Congress Party,"17,29,832","13,82,570",79.90%,"14,569",1.10%
510,Tiruppur,18,GEN,Tamil Nadu,"Subbarayan, K.",Communist Party Of India,"16,08,521","11,42,549",71.00%,"1,25,928",11.00%
511,Tiruvannamalai,11,GEN,Tamil Nadu,"Annadurai, C.N.",Dravida Munnetra Kazhagam,"15,33,099","11,46,273",74.70%,"2,33,931",20.40%
512,Tonk-Sawai Mad,12,GEN,Rajasthan,Harish Chandra Meena,Indian National Congress,"21,48,128","12,26,584",57.10%,"64,949",5.30%
513,Tripura East,2,ST,Tripura,Kriti Devi Debbarman,Bharatiya Janta Party,"13,96,761","11,34,345",81.20%,"4,86,819",42.90%
514,Tripura West,1,GEN,Tripura,Biplab Kumar Deb,Bharatiya Janta Party,"14,63,526","12,09,809",82.70%,"6,11,578",50.60%
515,Tumkur,19,GEN,Karnataka,V. Somanna,Bharatiya Janta Party,"16,61,309","13,03,451",78.50%,"1,75,594",13.50%
516,Tura,2,ST,Meghalaya,Saleng A Sangma,Indian National Congress,"8,26,156","6,74,056",81.60%,"1,55,241",23.00%
517,Udaipur,19,ST,Rajasthan,Manna Lal Rawat,Bharatiya Janta Party,"22,30,971","14,98,376",67.20%,"2,61,608",17.50%
518,Udhampur,4,,Jammu & Kashmir,Dr Jitendra Singh,Bharatiya Janta Party,"16,23,195","11,13,727",68.60%,"1,24,373",11.20%
519,Udupi Chikmaga,15,GEN,Karnataka,Kota Srinivas Poojary,Bharatiya Janta Party,"15,85,162","12,29,418",77.60%,"2,59,175",21.10%
520,Ujiarpur,22,GEN,Bihar [2000 Onwards],Nityanand Rai,Bharatiya Janta Party,"17,45,408","10,42,068",59.70%,"60,102",5.80%
521,Ujjain,22,SC,Madhya Pradesh [2000 Onwards],Anil Firojiya,Bharatiya Janta Party,"17,98,704","13,28,580",73.70%,"3,75,860",28.30%
522,Uluberia,26,GEN,West Bengal,Sajda Ahmed,All India Trinamool Congress,"17,41,438","13,90,794",79.90%,"2,18,673",15.70%
523,Unnao,33,GEN,Uttar Pradesh [2000 Onwards],Swami Sachchidanand Hari Sakshi,Bharatiya Janta Party,"23,41,740","13,02,271",55.60%,"35,818",2.80%
524,Uttara Kannada,12,GEN,Karnataka,Vishweshwar Hegde Kageri,Bharatiya Janta Party,"16,41,156","12,62,761",76.90%,"3,37,428",26.70%
525,Vadakara,3,GEN,Kerala,Shafi Parambil,Indian National Congress,"14,21,883","11,22,947",79.00%,"1,14,506",10.20%
526,Vadodara,20,GEN,Gujarat,Dr. Hemang Joshi,Bharatiya Janta Party,"19,49,573","12,12,149",62.20%,"5,82,126",48.00%
527,Vaishali,16,GEN,Bihar [2000 Onwards],Veena Devi,Lok Janshakti Party(Ram Vilas),"18,69,178","11,72,060",62.70%,"89,634",7.60%
528,Valmiki Nagar,1,GEN,Bihar [2000 Onwards],Sunil Kumar,Janata Dal (United),"18,27,281","11,01,830",60.30%,"98,675",9.00%
529,Valsad,26,ST,Gujarat,Dhaval Laxmanbhai Patel,Bharatiya Janta Party,"18,59,974","13,61,411",73.20%,"2,10,704",15.50%
530,Varanasi,77,GEN,Uttar Pradesh [2000 Onwards],Narendra Modi,Bharatiya Janta Party,"19,97,578","11,30,143",56.60%,"1,52,513",13.50%
531,Vellore,8,GEN,Tamil Nadu,Dm Kathir Anand,Dravida Munnetra Kazhagam,"15,28,273","11,29,458",73.90%,"2,15,702",19.10%
532,Vidisha,18,GEN,Madhya Pradesh [2000 Onwards],Shivraj Singh Chouhan,Bharatiya Janta Party,"19,45,404","14,55,658",74.80%,"8,21,408",56.40%
533,Vijayawada,12,,Andhra Pradesh [2014 Onwards],Kesineni Sivanath (CHINNI),Telugu Desam,"17,04,077","13,64,405",80.10%,"2,82,085",20.70%
534,Viluppuram,13,SC,Tamil Nadu,Ravikumar. D,Viduthalai Chiruthaigal Katchi,"15,03,115","11,52,667",76.70%,"70,703",6.10%
535,Virudhunagar,34,GEN,Tamil Nadu,Manickam Tagore B,Indian National Congress,"15,01,942","10,61,901",70.70%,"4,379",0.40%
536,Visakhapatnam,4,,Andhra Pradesh [2014 Onwards],Sribharat Mathukumili,Telugu Desam,"19,27,303","13,87,125",72.00%,"5,04,247",36.40%
537,Vizianagaram,3,,Andhra Pradesh [2014 Onwards],Appalanaidu Kalisetti,Telugu Desam,"15,85,206","12,99,242",82.00%,"2,49,351",19.20%
538,Warangal,15,SC,Telangana,Kadiyam Kavya,Indian National Congress,"18,24,466","12,67,946",69.50%,"2,20,339",17.40%
539,Wardha,8,GEN,Maharashtra,Amar Sharadrao Kale,Nationalist Congress Party – Sharadchandra Pawar,"16,82,771","10,95,012",65.10%,"81,648",7.50%
540,Wayanad,4,GEN,Kerala,Rahul Gandhi,Indian National Congress,"14,62,423","10,84,653",74.20%,"3,64,422",33.60%
541,West Delhi,6,GEN,Delhi [1977 Onwards],Kamaljeet Sehrawat,Bharatiya Janta Party,"25,87,977","15,24,494",58.90%,"1,99,013",13.10%
542,Yavatmal-Washi,14,GEN,Maharashtra,Sanjay Uttamrao Deshmukh,Shiv Sena (Uddhav Balasaheb Thackrey),"19,40,916","12,25,530",63.10%,"94,473",7.70%
543,Zahirabad,5,GEN,Telangana,Suresh Kumar Shetkar,Indian National Congress,"16,41,410","12,36,593",75.30%,"46,188",3.70%
